,texto,Embedding
0,"Totalplay es la empresa de telecomunicaciones más  innovadora del país, que lleva a los hogares  mexicanos 
los servicios de conectividad y entretenimiento a t ravés de una red de 100% fibra óptica  logrando ser 
reconocidos por calidad, velocidad y tecnología . 
Ademas Totalplay cuenta con una plataforma Única  a través de la cual integramos  las aplicaciones y el 
contenido mas demandado en el mundo con el objetivo de que todos en  casa se mantengan conectados.  
La misión de Totalplay es CONECTAR a la mayoria  de los hogares mexicanos  y PyMEs a través de servicios 
innovadores de telecomunicación es,entretenimiento y tecnologia para mejorar permanentemente la 
experiencia de vida de las personas y la productividad de los  negocios.  
La Vision de Totalplay es Ser  el ejemplo mundial, reconocido como el lider en el mercado mexicano en 
servicios de telecomunicaciones y entretenimiento digital, a través de ser la empresa més innovadora y que 
exceda las expectativas cambiantes del consumidor, optimizando la productivid ad. 
Valores de Totalplay :  
* Innovación  
* Buscar la mejor manera de hacer las cosas  
* Exceder las expectativas de los clientes  
* Estar siempre un paso adelante  
* Mejora Continua  
* Asegurar la excelencia y evitar el conformismo  
* Trabajo en equipo  
* Ser un grupo sólido  y unido  
* Compromisos  
* Pasión por el cliente  
* Siempre encontramos formas para satisfacer los deseos y n ecesidades de nuestros clientes  
* Trabajo en equipo : Nos comunicamos de manera clara y honesta creando alianzas para lograr objeti ves en 
común . Colaborar en conjunto para lograr una meta, obliga a complementar ense fianzas, estilos y 
experiencias  
* Confianza y respeto mutuo: Crear un ambiente donde escuchemos las ideas de todos, aprendemos unos 
de otros y llegamos juntos a la meta. L a confianza recíproca  existe cuando ambos lados comparten un 
interés en común  
* Ejecución impecable: Somos excelentes en lo que hacemos, porque lo hacemos bien a la primera. Ser los 
mejores en nuestra especialidad y hacer  las cosas con entrega total, ener gia y atención  a los detalles.  
* Mejora continua: Adaptarse para ser competitivo, evitar el estancamiento, progresar. Comprender qué 
pasa en nuestro alrededor para  anticiparnos, continuamente innovamos en nuestras acciones y procesos.","[-0.03265530243515968, -0.0010471792193129659, 0.008744572289288044, -0.01855718344449997, -0.022255269810557365, -0.001335049164481461, -0.006221328862011433, 0.014418531209230423, -0.0007171717006713152, -0.042908478528261185, 0.012709667906165123, 0.010980779305100441, 0.0017555896192789078, -0.0003285472630523145, 0.002683448838070035, 0.007462924811989069, 0.0007743284804746509, -0.008190526627004147, 0.01969197578728199, 0.006111187394708395, -0.02204166166484356, 0.006535065360367298, -0.008717871271073818, -0.00551041541621089, -0.004619270097464323, -0.00858436618000269, -0.012015442363917828, -0.007623130455613136, 0.01297667808830738, 0.0032625263556838036, 0.018984399735927582, -0.0018190044211223722, -0.0014510315377265215, -0.006585130002349615, -0.017061928287148476, -0.0174757931381464, -0.006211316213011742, -0.004609256982803345, 0.014191572554409504, -0.0021444226149469614, 0.008991556242108345, 0.00940542109310627, -0.012956651858985424, -0.009111710824072361, -0.026647580787539482, 0.00620797835290432, -0.019772076979279518, -0.0049229939468204975, -0.026260416954755783, 0.01060696505010128, 0.009432122111320496, 0.005714010447263718, -0.02336335927248001, -0.029050668701529503, 0.017569247633218765, 0.004776138346642256, -0.025032171979546547, 0.021053725853562355, 0.02652742713689804, 0.010506836697459221, 0.001144804642535746, -0.0059176054783165455, -0.02963809110224247, -0.011995417065918446, -0.0024097636342048645, 0.01241595670580864, -0.01583368331193924, 0.00892480369657278, 0.008604391478002071, 0.014805695042014122, 0.015086055733263493, 0.04165353253483772, 0.008417485281825066, -0.0030689442064613104, 0.03465787693858147, 0.025085574015975, 0.008257279172539711, -0.00041177921229973435, -0.011521474458277225, 0.019091201946139336, 0.018450379371643066, -0.017515845596790314, -0.004832877777516842, -0.0005928452592343092, 0.005830827169120312, -0.0015052679227665067, 0.0006625181413255632, 0.022695835679769516, 0.004769463092088699, -0.01317026000469923, 0.015406467020511627, 0.0264606736600399, 0.021440889686346054, -0.0013267050962895155, -0.02431124448776245, 0.011387969367206097, -0.015473219566047192, 0.028970565646886826, -0.006658557802438736, -0.01723548397421837, -0.009105035103857517, -0.001239092438481748, -0.020346149802207947, -0.007296043448150158, -0.017782853916287422, -0.00930529274046421, -0.002771895844489336, 0.012188998982310295, 0.03294901177287102, -0.005336858797818422, -0.012536111287772655, -0.001101415604352951, -0.0062947566621005535, -0.020025737583637238, -0.016487857326865196, 0.003154053585603833, 0.01015972439199686, 0.007703233510255814, -0.013977964408695698, -0.011094258166849613, 0.010753820650279522, 0.019491717219352722, 0.012656265869736671, -0.002137747360393405, 0.00035149342147633433, -0.010253177024424076, -0.004829540383070707, -0.028970565646886826, -0.013410569168627262, 0.009859338402748108, -0.00125411176122725, 0.010326605290174484, -0.006701946724206209, 0.017489144578576088, -0.00940542109310627, -0.01759594865143299, -0.014498633332550526, -0.0025616255588829517, -0.021240631118416786, -0.010079621337354183, 0.015873733907938004, 0.012249075807631016, -0.016367701813578606, 0.005019784905016422, 0.01925140805542469, 0.02527248114347458, -0.006935580167919397, 0.012489384971559048, 0.01269631739705801, 0.024751810356974602, 0.014645488932728767, -0.0087378965690732, -0.01231582835316658, 0.005974344909191132, 0.002181136514991522, 0.009532250463962555, 0.010086296126246452, 0.035058390349149704, -0.018890945240855217, 0.006398222874850035, 0.003387687262147665, 0.005557142198085785, -0.00811042357236147, 0.0032758768647909164, 0.0026433973107486963, 0.04712723568081856, 0.010473460890352726, -0.004185379017144442, 0.020813416689634323, 0.006461638025939465, -0.01308348122984171, 0.019224707037210464, -0.030866336077451706, 0.020626509562134743, -0.006308107171207666, -0.00788346491754055, -0.01894434727728367, 0.013430594466626644, -0.03313592076301575, -0.02381727658212185, 0.014271675609052181, -0.005754061974585056, 0.01222237478941679, 0.014578736387193203, -0.009759209118783474, 0.0038916682824492455, -0.00044223503209650517, 0.028516650199890137, 0.0020159243140369654, 8.630884258309379e-05, 0.013544073328375816, 0.012736368924379349, 0.04154672846198082, -0.020613158121705055, -0.6318520903587341, 0.012182323262095451, 0.01911790296435356, -0.025379285216331482, 0.011481422930955887, 0.011234438978135586, 0.02096027135848999, -0.031053243204951286, -0.02945118397474289, -0.03876982629299164, -0.027448611333966255, 0.0029938477091491222, -0.02121393010020256, -0.022749237716197968, -0.016768217086791992, -0.016794918105006218, 0.017462443560361862, -0.019424965605139732, -0.007836738601326942, 0.014338428154587746, -0.0063948854804039, -0.009625704027712345, 0.00901825726032257, 0.021480940282344818, -0.010106322355568409, 0.0140847684815526, 0.025886602699756622, -0.010092971846461296, -0.043228890746831894, 0.01784960739314556, -0.01241595670580864, -0.005840839818120003, 0.029237575829029083, 0.021641146391630173, 0.05356217175722122, -0.010960753075778484, -2.156417212972883e-05, 0.027502013370394707, -0.008651118725538254, 0.022495578974485397, 0.00820387713611126, 0.009031607769429684, 0.02686118893325329, -0.014431881718337536, 0.016768217086791992, 0.017462443560361862, 0.024538204073905945, -0.025686345994472504, -0.023590318858623505, -0.0009553945274092257, -0.00041323943878524005, -0.03730127215385437, -0.03140035644173622, -0.003345967037603259, 0.016033940017223358, 0.03577931597828865, 0.022375423461198807, -0.03198777884244919, -0.00020828853303100914, -0.01380440779030323, -0.022001609206199646, -0.008984880521893501, -0.022909443825483322, -0.024725109338760376, -0.02286939136683941, 0.006134551018476486, -0.004869591910392046, 0.013670903630554676, 0.04205404967069626, 0.014592086896300316, -0.0186906885355711, 0.035245299339294434, -0.004776138346642256, -0.01823677122592926, 0.01622084714472294, 0.007296043448150158, 0.019465016201138496, -0.001252442947588861, -0.005210029426962137, 0.024551553651690483, 0.004308870993554592, -0.008230578154325485, 0.004552517551928759, -0.00016218761447817087, 0.03513849526643753, -0.002271252451464534, -0.017903009429574013, -0.005250080954283476, 0.023456813767552376, 0.0036980861332267523, 0.007556378375738859, -0.007669857237488031, -0.005196678917855024, -0.0022662458941340446, -0.0031173396855592728, -0.007189239840954542, -0.014151521027088165, -0.017368989065289497, 0.008484236896038055, -0.0165946613997221, -0.02102702483534813, -0.032762106508016586, 0.03743477910757065, 0.015927135944366455, 0.010326605290174484, 0.023536916822195053, -0.01184188574552536, 0.007055734749883413, 0.03366994112730026, -0.03620653226971626, -0.006431599147617817, -0.029477884992957115, -0.005296807270497084, -0.03273540362715721, 0.01634100079536438, -0.021868105977773666, -0.0013642533449456096, 0.0050030965358018875, 0.003547893138602376, 0.008270629681646824, -0.001276640803553164, -0.012849847786128521, -0.010593614540994167, -0.003255851101130247, 0.011120959185063839, 0.02322985604405403, 0.004452388733625412, -0.004242118448019028, -0.007235966622829437, -0.009952791035175323, -0.019598521292209625, -0.026433972641825676, 0.01399131491780281, -0.01158822700381279, 0.0233767107129097, 0.007509651593863964, 0.022335372865200043, -0.0028086097445338964, 0.014525334350764751, -0.028329743072390556, -0.012616214342415333, -0.0038950059097260237, -0.0008561002905480564, 0.017382340505719185, 0.022175166755914688, -0.049103107303380966, -0.011167686432600021, -0.007549703121185303, -0.00877127330750227, -0.01355074904859066, -0.014231624081730843, -0.03810230270028114, 0.0012566150398924947, 0.03567251190543175, 0.036179833114147186, 0.003594619920477271, -0.0331893227994442, -0.033082518726587296, -0.014058067463338375, -0.018463728949427605, 0.005436987616121769, 0.01647450588643551, -0.015192858874797821, 0.004762787837535143, 0.023029597476124763, -0.020239345729351044, -0.026247065514326096, 0.0251923780888319, 0.011708380654454231, -0.018477080389857292, -0.005436987616121769, 0.017502494156360626, -0.011501448228955269, 0.013123532757163048, -0.02254898101091385, 0.031320251524448395, 0.0017105317674577236, 0.010019543580710888, 0.016941774636507034, 0.020225994288921356, -0.007429548539221287, -0.00433890987187624, -0.012716342695057392, -0.005266768857836723, 0.015192858874797821, -0.006812088191509247, 0.021948207169771194, 0.01146139670163393, -0.027248352766036987, 0.00587087869644165, 0.017368989065289497, 0.0306527279317379, -0.00390168116427958, 0.013337140902876854, -0.020786715671420097, -0.00030747850541956723, 0.005149952135980129, 0.005323508288711309, 0.0025249116588383913, 0.015393116511404514, 0.0065918052569031715, -0.028516650199890137, 0.020599808543920517, -0.002518236404284835, 0.007649831473827362, -0.016260897740721703, 0.0148857980966568, -0.0021460915450006723, 0.02640727162361145, 0.015793630853295326, 0.03703426197171211, -0.03140035644173622, -0.016554608941078186, -0.009725833311676979, 0.0063648466020822525, 0.04424352943897247, -0.00931196752935648, 0.02527248114347458, -0.028089433908462524, 0.015299662947654724, -0.0013801070163026452, 0.001516115153208375, 0.012015442363917828, -0.004202067386358976, 0.002578313695266843, 0.010139698162674904, 0.00686882808804512, 0.04234775900840759, 0.008424160070717335, -0.00515996478497982, -0.014244974590837955, 0.01590043492615223, 0.0009069989901036024, 0.009231864474713802, 0.01608734205365181, 0.0017555896192789078, 0.041787039488554, -0.011521474458277225, 0.04109281301498413, -0.01803651452064514, 0.0010329942451789975, 0.04977063089609146, 0.008851375430822372, -0.015366415493190289, 0.010613640770316124, 0.0003519106248859316, 0.011614928022027016, 0.016941774636507034, -0.014685540460050106, 0.02045295387506485, -0.0059176054783165455, 0.018063215538859367, -0.007075760513544083, -0.03647354245185852, 0.0016846650978550315, -0.011407994665205479, 0.0029671466909348965, 0.012622890062630177, 0.025886602699756622, 0.018570533022284508, 0.015793630853295326, 0.018957698717713356, 0.03698085993528366, 0.009992842562496662, -0.012108895927667618, -0.02190815657377243, -0.005824151914566755, -0.04477754980325699, 0.0015570010291412473, 0.0039484077133238316, -0.015580023638904095, 0.007109136786311865, 0.020559756085276604, 0.0037214495241642, 0.004549180157482624, 0.019665274769067764, 0.013370517641305923, 0.01015972439199686, -0.01715538091957569, 0.005563817452639341, -0.014765643514692783, -0.016821619123220444, 0.04242786020040512, 0.006191290449351072, -0.0009687450365163386, -0.005336858797818422, -0.015099406242370605, -0.012662941589951515, -0.01843702793121338, 0.00209769606590271, -0.005553804337978363, -0.010807222686707973, -0.021627796813845634, 0.022335372865200043, 0.012382580898702145, -0.0013509028358384967, 0.026567477732896805, 0.005837502423673868, -0.0032475071493536234, -0.019238058477640152, -0.02065321058034897, -0.016608010977506638, -0.023416761308908463, -0.004035186022520065, 0.029557988047599792, 0.027261704206466675, 0.0007981090457178652, -0.0064850011840462685, -0.010266527533531189, -0.01950506865978241, 0.0040585496462881565, -0.01484574656933546, 0.00441901246085763, -0.0007960230577737093, -0.013036754913628101, -0.023096350952982903, -0.008497587405145168, -0.008871401660144329, 0.0383693128824234, 0.0035679189022630453, -0.016514558345079422, -0.01628759875893593, -0.0127897709608078, 0.01440518070012331, 0.03447096794843674, 0.01683497056365013, -0.007783336564898491, -0.005774087738245726, -0.014471933245658875, -0.019451666623353958, -0.04122631624341011, 0.001493586227297783, 0.014872447587549686, 0.001269131083972752, 0.007850089110434055, 0.015126107260584831, 0.023670421913266182, 0.02065321058034897, -0.0024131012614816427, -0.0016638049855828285, -0.007556378375738859, -0.014391830191016197, -0.010052920319139957, 0.013450619764626026, -0.016955124214291573, -0.00981928687542677, 0.010894001461565495, 0.01823677122592926, 0.014178222045302391, -0.009285266511142254, 0.015179508365690708, 0.016995174810290337, 0.012369230389595032, -0.01308348122984171, 0.010380007326602936, -0.007936866953969002, -0.00474943732842803, -0.01165497861802578, -0.011187711730599403, 0.023897379636764526, -0.014738942496478558, -0.004866254050284624, 0.011040856130421162, 0.040051475167274475, 0.029104070737957954, 0.0054169618524611, -0.009565627202391624, -0.026607530191540718, -0.0020693261176347733, -0.005583843216300011, -0.021120477467775345, 0.007055734749883413, -0.014471933245658875, -0.023350009694695473, 0.014552035368978977, -0.014738942496478558, -0.02513897605240345, 0.0026617541443556547, -0.0025866576470434666, 0.007756635546684265, 0.015299662947654724, -0.016514558345079422, -0.00959900300949812, -0.02654077671468258, -0.007790011819452047, -0.035806018859148026, 0.017809554934501648, -0.031827572733163834, 0.009919415228068829, -0.02982499822974205, -0.010193100199103355, 0.007075760513544083, -0.0037748515605926514, 0.003824915736913681, -0.0008018639055080712, -0.03521859645843506, -0.05884896591305733, 0.008397459052503109, 0.025859901681542397, 0.0031140020582824945, -0.006031084340065718, 0.017943060025572777, -0.011488097719848156, 0.05236062780022621, 0.003332616528496146, 0.001892432221211493, -0.023470163345336914, -0.015126107260584831, -0.005246743094176054, -0.021828053519129753, -0.0003118591266684234, -0.00663185678422451, -0.013277064077556133, 0.008190526627004147, 0.005547129083424807, -0.015860384330153465, -0.0002532421494834125, 0.007249316666275263, 0.010974103584885597, 0.02322985604405403, -0.0012399269035086036, -0.020733313634991646, 0.036446843296289444, -0.015433168038725853, -0.031694065779447556, -0.03711436688899994, -0.019518418237566948, -0.019278109073638916, -0.005580505356192589, 0.016514558345079422, -0.0026317157316952944, 0.004602581728249788, -0.006678583566099405, 0.004615932237356901, 0.00854431465268135, -0.004562530666589737, 0.01121441274881363, 0.013390542939305305, -0.029611390084028244, 0.029050668701529503, -0.005006434395909309, 0.0013592469040304422, -0.0009245215333066881, -0.016194146126508713, 0.017769504338502884, -0.014071417972445488, 0.006915554404258728, 0.0081037487834692, -0.00877127330750227, -0.007963567972183228, 0.040051475167274475, -0.04491105303168297, 0.013010053895413876, -0.006404898129403591, 0.029371080920100212, 0.007129162549972534, -0.022188516333699226, -0.0017255509737879038, -0.02280263975262642, 0.00934534426778555, -0.005503740161657333, -0.0014168209163472056, 0.012769744731485844, -0.014338428154587746, -0.023323308676481247, -1.5997122318367474e-05, -0.0062947566621005535, -0.005577167961746454, 0.013710955157876015, -0.03305581584572792, -0.01064034178853035, 0.009071659296751022, -0.017582597211003304, 0.024725109338760376, 0.008470887318253517, 0.004432362969964743, -0.014204923063516617, 0.012516085989773273, -0.007115812040865421, -0.014578736387193203, -0.024458101019263268, -0.03532540053129196, 0.031320251524448395, 0.052147019654512405, 0.013857809826731682, -0.003965096082538366, 0.01373765617609024, -0.005967669654637575, 0.008918127976357937, 0.006041097454726696, -0.012482709251344204, -0.008984880521893501, 0.0005615550326183438, 0.008704520761966705, -0.009679106064140797, 0.031133346259593964, 0.014819045551121235, -0.012335854582488537, -0.024671709164977074, 0.018730739131569862, -0.039036836475133896, 0.001604562159627676, -0.009585652500391006, -0.0007964402320794761, 0.013964613899588585, -0.013524048030376434, 0.00761645520105958, 0.011027505621314049, -0.03294901177287102, 0.0036580346059054136, 0.013657553121447563, 0.011528149247169495, 0.018263472244143486, 0.0033042465802282095, 0.013724305666983128, -0.018971048295497894, 0.0416802354156971, 0.021053725853562355, -0.003357648616656661, -0.0015169496182352304, -0.03839601203799248, -0.06194628030061722, -0.0030572626274079084, 0.013210311532020569, 0.0052901324816048145, 0.007296043448150158, -0.02407093532383442, 0.015539972111582756, -0.03158726170659065, 0.021641146391630173, -0.006671908311545849, -0.002992179011926055, 0.0127897709608078, -0.014351778663694859, 0.0033526422921568155, -0.0178629569709301, -0.006171264685690403, -0.027715619653463364, 0.018770791590213776, 0.01440518070012331, -0.0324149951338768, 0.0007743284804746509, 0.0029204199090600014, -0.03294901177287102, -0.0012032130034640431, -0.011508123949170113, 0.04515136405825615, -0.007322744466364384, 0.0048729293048381805, 0.03756828233599663, -0.0036980861332267523, -0.006174602545797825, -0.0070891110226511955, 0.0005290132248774171, -0.007836738601326942, 0.02108042687177658, 0.016875021159648895, -0.019838830456137657, 0.012743043713271618, 0.0030589313246309757, -0.02413768880069256, -1.0912462130363565e-05, -0.014738942496478558, 0.013110182248055935, -0.004395649302750826, 0.027688918635249138, -0.026247065514326096, 0.011921988800168037, 0.005146614275872707, 0.0331893227994442, -0.02071996219456196, 0.006618506275117397, -0.018570533022284508, -0.016514558345079422, -0.015152808278799057, 0.017649350687861443, -0.012275776825845242, 0.01507270522415638, -0.013584124855697155, -0.033402930945158005, -0.01799646206200123, -0.020599808543920517, -0.016501206904649734, 0.0054303123615682125, -0.0012707998976111412, 0.0331893227994442, -0.01664806343615055, 0.0005094046937301755, 0.021694548428058624, 0.006351496558636427, 0.004118626471608877, 0.015219559893012047, 0.031560562551021576, 0.018784141167998314, -0.0034778029657900333, 0.0022528953850269318, 0.008030320517718792, 0.015993889421224594, 0.018396977335214615, -0.025793150067329407, 0.002226194366812706, -0.006221328862011433, -0.026420623064041138, -0.025432685390114784, 0.002553281607106328, 0.005320170894265175, 0.007296043448150158, -0.017943060025572777, 0.026327168568968773, -0.03388354927301407, -0.0030255550518631935, 0.0186906885355711, 0.015126107260584831, 0.020239345729351044, -0.009832637384533882, -0.015660125762224197, 0.01335716713219881, 0.030626026913523674, -0.0006587633397430182, 0.0157669298350811, -0.01817001961171627, -0.006211316213011742, -0.013470645993947983, -0.01666141301393509, -0.02982499822974205, 0.0015194527804851532, -0.018450379371643066, 0.004382298793643713, 0.008397459052503109, 0.002096027135848999, 0.03051922284066677, 0.02070661261677742, -0.026140261441469193, 0.007509651593863964, 0.00601439643651247, 0.005246743094176054, -0.015219559893012047, -0.022962845861911774, 0.003898343537002802, 0.03596622496843338, -0.008591040968894958, -0.025913303717970848, -0.0314270555973053, 0.019598521292209625, 0.016381053254008293, -0.009866013191640377, 0.012168972752988338, -0.001517783966846764, 0.02242882549762726, -0.0050030965358018875, -0.025245780125260353, -0.003534542629495263, -0.01297667808830738, 0.002758545335382223, -0.02146759070456028, 0.00753635261207819, -0.012362554669380188, 0.02246887795627117, -0.009452148340642452, -0.009358694776892662, -0.0010046245297417045, 0.014445232227444649, 0.002201162278652191, -0.0008836356573738158, -0.0001362167386105284, 0.009959466755390167, 0.0024698409251868725, -0.007262667175382376, -0.01532636396586895, -0.021440889686346054, -0.01735563948750496, -0.00791684165596962, -0.019238058477640152, -0.016701465472579002, -0.014552035368978977, 0.055698249489068985, 0.0057974508963525295, -0.03193437680602074, -0.012008766643702984, 0.007810037583112717, -0.05484382063150406, -0.018837543204426765, -3.35717936650326e-06, 0.015980537980794907, 0.01818336918950081, 0.011508123949170113, -0.00858436618000269, 0.019798777997493744, 0.009892714209854603, 0.045952390879392624, -0.014138170517981052, 0.003078957088291645, 0.005730698350816965, -0.03465787693858147, 0.013524048030376434, -0.02457825466990471, -0.08133119344711304, -0.02082676626741886, 0.012115570716559887, -0.018276823684573174, 0.001992560923099518, 0.044056620448827744, -0.03310921788215637, -0.01754254661500454, 0.014805695042014122, 0.02431124448776245, -0.01818336918950081, -0.0018023164011538029, 0.010580264963209629, -0.009512225165963173, 0.009458823129534721, 0.024257842451334, -0.0005060670664533973, -0.010366656817495823, 0.003968433476984501, 0.008951504714787006, 0.009612353518605232, 0.022695835679769516, 0.010112997144460678, -0.014298376627266407, -0.004569205921143293, -0.022629082202911377, 0.009251890704035759, -0.009866013191640377, -0.01683497056365013, 0.04830207675695419, 0.020973622798919678, -0.00039759432547725737, -0.010680393315851688, 0.02234872244298458, 0.0032708703074604273, 0.018396977335214615, 0.006374859716743231, -0.028009330853819847, -0.0033042465802282095, -0.008824675343930721, 0.003327609971165657, -0.011675004847347736, -0.013417243957519531, 0.004489102866500616, -0.01035998109728098, -0.010026219300925732, -0.003751488169655204, 0.015152808278799057, -0.009225189685821533, 0.012702993117272854, -0.01715538091957569, 0.03609972819685936, 0.02703474462032318, -0.016167445108294487, 0.011534824967384338, -0.003090638667345047, -0.002768558217212558, -0.00905830878764391, -0.0007580575766041875, 0.00021840569388587028, 0.011314541101455688, 0.0051933410577476025, -0.0021494291722774506, 0.018984399735927582, 0.19374233484268188, -0.0024314583279192448, -0.012289127334952354, 0.04437703266739845, 0.0007568059954792261, 0.039303846657276154, 0.032895609736442566, 0.0002513647195883095, -0.006942255422472954, 0.012242401018738747, -0.013103507459163666, -0.009365369565784931, 0.007102461531758308, 0.0049229939468204975, -0.006691934075206518, -0.012215700000524521, -0.03033231757581234, -0.01564677618443966, -0.02969149313867092, 0.018196720629930496, -0.004525816533714533, -0.016381053254008293, 0.012209024280309677, -0.0002353024174226448, -0.005440325476229191, 0.00997949205338955, 0.029718194156885147, -0.016754867509007454, 0.024484802037477493, 0.009959466755390167, -0.02381727658212185, -0.01345729548484087, 0.00328422081656754, 0.01403136644512415, -0.023136401548981667, 0.007669857237488031, 0.019665274769067764, -0.013237012550234795, 0.014872447587549686, 0.013183610513806343, 0.0038349286187440157, 0.01563342474400997, -0.018089916557073593, -0.027448611333966255, 0.014952550642192364, 0.024604955688118935, -0.008243928663432598, -0.012215700000524521, -0.001995898550376296, 0.010533537715673447, -0.033029116690158844, -0.0017322262283414602, 0.0019024449866265059, 0.015126107260584831, -0.0017489143647253513, 0.015793630853295326, 0.0065450784750282764, 0.011755107901990414, -0.018156668171286583, 0.012843172997236252, 0.011414670385420322, 0.032014477998018265, -0.018517130985856056, 0.016501206904649734, -0.02439134754240513, -0.0033192660193890333, 0.008424160070717335, -0.007843413390219212, 0.00816382560878992, 0.004422350320965052, 0.0047460999339818954, 0.0003917534777428955, 0.005260093603283167, -0.007923516444861889, -0.011241113767027855, -0.0031573912128806114, 0.032762106508016586, -0.0038950059097260237, 0.02931767888367176, 0.05236062780022621, 0.005286794621497393, 0.011014155112206936, -0.015353064984083176, -0.0022846029605716467, 0.002489866688847542, -0.01155485026538372, 0.0014960895059630275, -0.02843654714524746, -0.01943831518292427, -0.009812611155211926, 0.012729693204164505, 0.013964613899588585, -0.00025428514345549047, -0.003678060369566083, 0.0025733071379363537, 0.0026917927898466587, 0.017582597211003304, -0.008324031718075275, -0.019091201946139336, 0.0059176054783165455, -0.01652790792286396, 0.03297571465373039, 0.01275639422237873, 0.03706096485257149, -0.01962522231042385, -0.0013000040780752897, 0.0297715961933136, 0.007115812040865421, -0.01811661757528782, -0.013544073328375816, 0.013857809826731682, -0.01632765121757984, 0.008230578154325485, -0.03842271491885185, 0.006611831020563841, 0.005390260834246874, 0.0005043982528150082, -0.0036380088422447443, 0.0071491883136332035, 0.011601577512919903, -0.0043656108900904655, -0.03447096794843674, 0.0004493274900596589, -0.012562812305986881, -0.012809796258807182, -0.036580346524715424, -0.008277304470539093, 0.01874409057199955, -0.01497925166040659, 0.014872447587549686, -0.010974103584885597, -0.004642633255571127, 0.0023930754978209734, -0.018223421648144722, -0.004672672133892775, 0.01742239110171795, 0.002316310303285718, 0.0008064531139098108, -0.040184978395700455, 0.009525575675070286, -0.011381293646991253, -0.018143318593502045, -0.0169818252325058, 0.017208782956004143, -0.011835210956633091, -0.01906450092792511, 0.0035545683931559324, -0.0008035327191464603, -0.007523002102971077, -0.0029721532482653856, -0.02678108587861061, -0.0015978869050741196, -0.013777706772089005, -0.0186906885355711, 0.023536916822195053, -0.0026584165170788765, -0.038022201508283615, -0.007222616113722324, 0.01803651452064514, -0.009091684594750404, -0.03214798495173454, -0.029157472774386406, 0.01862393505871296, 0.008958179503679276, -0.01054688822478056, -0.002611689968034625, -0.16907063126564026, 0.014418531209230423, -0.016674764454364777, -0.005226717330515385, 0.02209506370127201, -0.018396977335214615, 0.008978205733001232, 0.009839312173426151, -0.031827572733163834, -0.0023263231851160526, -0.010126347653567791, 0.0006253870669752359, -0.027688918635249138, -0.014832396060228348, 0.007769986055791378, 0.02229532040655613, -0.0081037487834692, 0.023977482691407204, 0.014645488932728767, 0.00877127330750227, 0.039303846657276154, -0.0046259453520178795, 0.006942255422472954, -0.004242118448019028, -0.005607206374406815, -0.021814703941345215, 0.004285507835447788, -0.0034978287294507027, 0.021574394777417183, -0.009412096813321114, -0.003471127711236477, -0.018917646259069443, 0.0358327180147171, 0.002975490875542164, 0.0391436405479908, 0.0021911493968218565, 0.0012224044185131788, -0.006027746945619583, -0.009545600973069668, 0.048515684902668, 0.003033899236470461, 0.013283738866448402, -0.002463165670633316, 0.026247065514326096, -0.008824675343930721, 0.039036836475133896, 0.0045057907700538635, -0.0001667768374318257, 0.01710197888314724, -0.020986972376704216, 0.02862345427274704, -0.00997949205338955, 0.009552276693284512, 0.003607970429584384, 0.003915031440556049, -0.01054021343588829, -0.012729693204164505, -0.021133828908205032, 0.03051922284066677, -0.0013492340222001076, -0.008984880521893501, -0.0010530200088396668, -0.00280193448998034, -0.03366994112730026, -0.017008526250720024, 0.015820331871509552, 0.00022403793991543353, 0.0012891568476334214, -0.028890464454889297, 0.01313688326627016, -0.01646115630865097, 0.007402847521007061, 0.017689401283860207, -0.009919415228068829, 0.02070661261677742, -0.017075277864933014, -0.00883135013282299, -0.0029220888391137123, 0.00066293531563133, 0.020493004471063614, -0.03332282602787018, 0.014018015936017036, -0.012823146767914295, 0.007462924811989069, -0.023323308676481247, 0.015112756751477718, 0.013163584284484386, 0.028650155290961266, -0.0026550788898020983, -0.00921851396560669, 0.03116004727780819, -0.018757440149784088, -0.002299622166901827, -0.02197490818798542, 0.0036246583331376314, 0.014511983841657639, 0.004308870993554592, -0.010179749689996243, 0.004622607491910458, -0.029050668701529503, 0.02071996219456196, 0.010493486188352108, -0.012582838535308838, 0.028730258345603943, 0.015660125762224197, 0.02109377644956112, 0.02108042687177658, 0.01767604984343052, 0.030278915539383888, -0.00997949205338955, -0.0009061645832844079, 0.01240928191691637, 0.01722213439643383, 0.026514075696468353, -0.02134743519127369, 0.019772076979279518, 0.00997281726449728, -0.004742762073874474, 0.022268619388341904, 0.015112756751477718, 0.06621843576431274, -0.014285026118159294, 0.004772800486534834, 0.016554608941078186, -0.018276823684573174, -0.013096831738948822, -0.07689882814884186, -0.012389255687594414, 0.006561766378581524, 0.006908879149705172, 0.008918127976357937, 0.007075760513544083, -0.012763069942593575, 0.023283258080482483, 0.0013984639663249254, 0.03698085993528366, -0.004282169975340366, -0.033082518726587296, -0.04811517149209976, 0.002181136514991522, 0.017489144578576088, -0.02363036945462227, -0.00568397156894207, -0.021934857591986656, -0.01734228804707527, 0.005570492707192898, 0.006001045927405357, -0.017716102302074432, -0.037594985216856, 0.00039258788456209004, -0.03799549862742424, -0.016300950199365616, -0.006608493160456419, -0.016728166490793228, 0.001905782613903284, -0.019157955422997475, -0.006004383321851492, -0.017702750861644745, 0.03780859336256981, -0.013343816623091698, 0.033216021955013275, 0.0366070494055748, -0.02899726666510105, -0.01178180892020464, 0.009165112860500813, -0.018770791590213776, -0.010426733642816544, 0.008330706506967545, -0.007095786277204752, -0.025499438866972923, 0.001862393575720489, -0.03313592076301575, -0.0008661131141707301, 0.0002480270923115313, -0.013143558986485004, -0.02400418370962143, -0.01950506865978241, 0.004682684782892466, -0.012716342695057392, -0.026821138337254524, 0.01158822700381279, 0.00568397156894207, -0.01130786631256342, 0.001414317637681961, -0.0011573206866160035, 0.007790011819452047, -0.02228197082877159, -0.01703522726893425, -0.003386018332093954, 0.028142835944890976, 0.02848994918167591, 0.001189862610772252, -0.028970565646886826, -0.01615409553050995, 0.027328455820679665, -0.009845987893640995, -0.023843977600336075, 0.012355879880487919, 0.007175889331847429, 0.012456008233129978, -0.02907736971974373, 0.00694893067702651, -0.020986972376704216, -0.02090686932206154, 0.019465016201138496, -0.011861911974847317, -0.015353064984083176, -0.00943879783153534, 0.0060577853582799435, -0.017302237451076508, 0.026941291987895966, 0.019157955422997475, 0.00512992637231946, -0.009131736122071743, 0.013403893448412418, -0.02711484767496586, 0.021494291722774506, 0.009665755555033684, 0.01666141301393509, 0.0008102079737000167, -0.008858051151037216, 0.0016062309732660651, -0.00782338809221983, -0.0020910208113491535, 0.010633666068315506, 0.044991157948970795, -0.032708704471588135, -0.04547177255153656, -0.07209265232086182, -0.00554045382887125, 0.018089916557073593, 0.03447096794843674, -0.020092489197850227, -0.0012716343626379967, -0.0010855618165805936, 0.00987936370074749, 0.008283980190753937, 0.014418531209230423, -0.03596622496843338, 0.004545842297375202, 0.015046004205942154, -0.013584124855697155, -0.016567960381507874, -0.0018974385457113385, 0.013116857968270779, -0.0022829340305179358, 0.021948207169771194, 0.0008535970700904727, 0.013664227910339832, -0.013023404404520988, 0.032254789024591446, 0.0014209928922355175, 0.011614928022027016, -0.0030856323428452015, -0.028276341035962105, -0.007502976339310408, 0.001992560923099518, -0.030999841168522835, 0.013237012550234795, -0.018143318593502045, -0.00011087166058132425, 0.02102702483534813, -0.015620075166225433, -0.028730258345603943, -0.02500547096133232, 0.03254849836230278, 0.0032024490647017956, 0.018450379371643066, -0.021267332136631012, -0.02603345923125744, 0.0134239187464118, -0.03553900867700577, 0.018543832004070282, -0.008611067198216915, -0.0025432687252759933, -0.032521795481443405, 0.02204166166484356, 0.03126684948801994, 0.0009520569001324475, 0.0034677900839596987, -0.003090638667345047, -0.014965901151299477, -0.003651359351351857, -0.01994563452899456, 0.005046485923230648, -0.006915554404258728, 0.04389641433954239, -0.010106322355568409, 0.03412385657429695, 0.029985204339027405, -0.004075237549841404, -0.02616696245968342, -0.004949694499373436, -0.012075519189238548, -0.012916600331664085, -0.010860624723136425, 0.010193100199103355, -0.02375052496790886, -0.007990268990397453, 0.01931816153228283, 0.00296047143638134, -0.0005924280849285424, -0.02792922779917717, -0.004939681850373745, -0.004602581728249788, -0.003037236863747239, 0.003955082967877388, 0.024591606110334396, 0.0038315909914672375, -0.00408191280439496, -0.027502013370394707, 0.04539167135953903, 0.021374136209487915, 0.01760929822921753, -0.027502013370394707, -0.0002457324881106615, 0.00034168915590271354, 0.00022758415434509516, -0.03278880566358566, -0.000813545600976795, -0.011134309694170952, 0.002386400243267417, -0.013764357194304466, 0.006765361409634352, 0.03375004231929779, 0.004172028508037329, -0.013090156950056553, 0.017248835414648056, 0.010687068104743958, -0.008404134772717953, -7.859058678150177e-05, -0.018957698717713356, -0.03532540053129196, 0.003154053585603833, -0.020933570340275764, -0.0046259453520178795, 0.013090156950056553, 0.035806018859148026, 0.030599325895309448, -0.007302718702703714, 0.015593374148011208, 0.010586939752101898, -0.01403136644512415, 0.0016804931219667196, 0.015046004205942154, 0.004692697897553444, -0.021881455555558205, 0.011301190592348576, 0.020733313634991646, 0.008637768216431141, 0.012763069942593575, -0.003564581274986267, 0.013710955157876015, 0.007469600066542625, 0.0024264517705887556, -0.011528149247169495, 0.012462683953344822, -0.010339955799281597, -0.03129355236887932, 0.013844459317624569, -0.025940004736185074, -0.011921988800168037, -0.014178222045302391, -0.0148857980966568, 0.013383868150413036, -0.014498633332550526, 0.017115330323576927, 0.11609587073326111, 0.025859901681542397, 0.001905782613903284, -0.017382340505719185, 0.02278928831219673, -0.00025657974765636027, -0.0012624558294191957, -0.005567154847085476, -0.030626026913523674, -0.034043751657009125, 0.00022153471945784986, 0.006121200509369373, 0.006084486376494169, -0.014832396060228348, -0.018290173262357712, 0.016194146126508713, -0.009051633067429066, 0.022642433643341064, -0.05022455006837845, 0.004392311908304691, 0.021881455555558205, -0.01560672465711832, -0.0026317157316952944, -0.009659080766141415, -0.0170886293053627, 0.01937156356871128, 0.024871965870261192, 0.020172592252492905, 0.005390260834246874, -0.023523565381765366, 0.0034410892985761166, -0.015980537980794907, -0.018663987517356873, -0.0280627328902483, 0.016260897740721703, -0.010980779305100441, -0.023470163345336914, -0.017128679901361465, 0.018210070207715034, 0.012809796258807182, 0.014778994023799896, 0.02533923275768757, -0.027502013370394707, -0.03369664028286934, 0.0013150234008207917, 0.02070661261677742, 0.008063697256147861, -0.016060641035437584, -0.02723500318825245]"
1,"Asistencia  a clientes de la tercera edad., Si al tener una interacción se identifica que quien llama, es 
una persona de la tercera edad, realizar el siguiente proceso, no importando el problema y/o 
servicio que reporte.  
Proceso:  
1. Sondear el problema que s e presenta y  que servicio tiene la afectació n (Internet, TV o Telefonia)  
2. Preguntar al cliente si hay alguien en su domicilio que lo pueda ayudar a realizar las pruebas.  
Si, continuar con el Troubleshooting respecto a la falla reportada.  
No, continuar c on el paso 3  
3. Informar al Supervisor para que evalué si autoriza una visita técnica; de ser asi generar 
codificación . 
ONT no enciende : Posible causa de  la Falla  es por el Cable de corriente dañ ado ó ONT dañ ada por 
el Toma corriente o el mismo Regulador dafiado . 
Pasos ONT no enciende  si el cliente esta en Sitio -Casa -Lugar : 
1. Revisar en Dashb oard que este en semáforo  en color Amarillo  
2. Verificar en Dashboard que no cuente con una visita técnica en curso o pendiente por concluir. 
Si cuenta con visita en curso 0 pendiente por concluir, solicitar tiempo de espera conforme al 
estatus de esta. No cuenta con vi sita en curso 0 pendient e por concluir, continuar punto  
3. Si el cliente reporta por 3ra vez la misma falla en un periodo de 5 dias agendar Visita Ténica de 
inmediato, ingresando en el ticket los folios que respaldan la falla, Generar codificación. 3. 
Preg untar al cliente Se encuentra en este momento en el domicilio donde esta el servicio 
instalado?  
Total play Paquetes Telefonía  más Internet Precio  y Nombres de paquetes  (Incluyendo  Telefonía  
): Veloz–50 Megas -$519 , Turbo -120 Megas -$569 , Sónico -220 Megas -$689 , Ultra  Sónico -520 
Megas -$899 , Relámpago -1 GB  (1000 Megas) - $1,599.Inluyendo Telefonía  todos estos paquetes.  
Precio De Lista Descuento : Descuento que se le ofrece a nuestros cli entes porque queremos ser la 
mejor opción para ti.  
Pronto  Pago : Paga en tiempo y forma y te beneficiamos con un descuento  de por vida","[0.0011323924409225583, -0.0050148810259997845, 0.01696179434657097, -0.0185726135969162, 0.003796440316364169, 0.018338562920689583, -0.0010136461351066828, -0.00763418385758996, -0.020004453137516975, -0.011640581302344799, 0.013905366882681847, 0.030701948329806328, -0.0018724057590588927, -0.005620659328997135, -0.014056811109185219, -0.000979226897470653, 0.0104978634044528, 0.0034247126895934343, 0.04884776100516319, 0.00018962840840686113, -0.023005809634923935, 0.012556132860481739, -0.01793929934501648, -0.008150472305715084, -0.010064180940389633, -0.005926990415900946, -0.007647951599210501, -0.006384766194969416, 0.01409811433404684, -0.012927860952913761, 0.009664918296039104, 0.004715433809906244, 0.0016572856111451983, -0.012177521362900734, -0.009719989262521267, 0.0045571052469313145, 0.020197201520204544, -0.017443662509322166, 0.0018190559931099415, -0.017911763861775398, 0.029077360406517982, 0.006618816871196032, 0.0064536044374108315, -0.021229777485132217, -0.005940758157521486, 0.03571338579058647, -0.025318780913949013, -0.0033042454160749912, -0.05336356535553932, 0.021133404225111008, -0.019026946276426315, -0.011454718187451363, -0.011378995142877102, -0.002521208254620433, 0.00837075524032116, -0.01418071985244751, 0.005283351056277752, 0.03092223033308983, 0.010050413198769093, -0.006873519159853458, -0.013038001954555511, -0.021326150745153427, -0.026860762387514114, 0.012810835614800453, -0.020679069682955742, 0.012528597377240658, 0.03229900076985359, -0.014635054394602776, -0.010559817776083946, 0.005021764896810055, 0.020830513909459114, 0.027893338352441788, 0.001596191548742354, -0.005744568537920713, 0.02494705282151699, -0.0057239169254899025, -0.0034470853861421347, -0.009658033959567547, 0.012810835614800453, 0.0174298956990242, 0.012088031508028507, -0.030812088400125504, -0.028306370601058006, 0.0137539217248559, 0.017512500286102295, 0.011330808512866497, 0.01392601802945137, 0.007579113356769085, -0.012322082184255123, -0.004113097209483385, -0.004884087946265936, 0.009210584685206413, 0.02418982982635498, 0.024024618789553642, 0.004175052046775818, 0.009196816943585873, -0.021450059488415718, 0.029738210141658783, -0.02226235345005989, 0.0004995089839212596, -0.018958108499646187, -5.082213465357199e-05, -0.02106456458568573, -0.0050906031392514706, 0.018586380407214165, 0.011599278077483177, 0.012205056846141815, -0.009265654720366001, 0.010270696133375168, -0.020252270624041557, -0.020348645746707916, 0.04813184216618538, -0.010415256954729557, 0.009038488380610943, 0.012101799249649048, 0.007654835470020771, 0.022083373740315437, -0.008687412366271019, -0.01451114472001791, -0.011427182704210281, 0.014249558560550213, 0.0060646673664450645, 0.02374926395714283, -0.004908181261271238, -0.002553906524553895, -0.0183110274374485, -0.003058148082345724, 0.0038446274120360613, -0.020486321300268173, 0.024657931178808212, -0.01182644534856081, 0.023597819730639458, 0.00218217889778316, -0.004009839612990618, -0.01625964231789112, 0.013099956326186657, -0.017608875408768654, 0.01105545461177826, -0.006081876810640097, -0.04077989608049393, 0.017787855118513107, 0.00031278468668460846, -0.01705816760659218, -0.026984671130776405, -0.005603449884802103, 0.0272875614464283, -0.008935230784118176, -0.01923346146941185, -0.005252373404800892, 0.007124779280275106, 0.0020651533268392086, 0.006618816871196032, -0.003238848876208067, -0.01557125709950924, 0.004853110760450363, 0.019660260528326035, 0.013216981664299965, 0.018338562920689583, -0.023033345118165016, -0.007565345615148544, 0.001083345036022365, 0.005586239974945784, 0.005276467185467482, -0.015020549297332764, -0.004436637740582228, 0.02377679944038391, -0.009809479117393494, -0.009602963924407959, 0.008164240047335625, 0.0034728997852653265, -0.007011196110397577, 0.02665424719452858, -0.0028894939459860325, 0.043313153088092804, 0.028857076540589333, -0.0016633090563118458, -0.019178392365574837, -0.023033345118165016, -0.025318780913949013, -0.02564920485019684, 0.0002944994776044041, -0.0004904739325866103, 0.00746897142380476, 0.025745579972863197, -0.037751004099845886, 0.011358343996107578, 0.005785871762782335, 0.023129718378186226, 0.01733352057635784, -0.017484966665506363, 0.0016684718430042267, 0.026062237098813057, 0.029545461758971214, -0.00343503849580884, -0.6216387152671814, 0.0007778744911774993, -0.004952926188707352, 1.1784551134041976e-05, 0.0072211530059576035, 0.009685569442808628, 0.011124293319880962, -0.0005356491892598569, -0.01860014908015728, -0.03786114603281021, -0.007764976937323809, 0.006216112058609724, -0.027796965092420578, -0.022400030866265297, -0.020665302872657776, -0.025525296106934547, -0.02267538569867611, 0.010133019648492336, 0.01451114472001791, 0.010952197015285492, 0.010780100710690022, -0.00687696086242795, -0.012459758669137955, 0.040119048207998276, -0.007517158519476652, -0.006050899624824524, 0.015075620263814926, -0.013960436917841434, 0.0019618957303464413, 0.026860762387514114, 0.002741491189226508, -0.004539895802736282, 0.0185726135969162, -0.0021236662287265062, 0.046121761202812195, -0.02472677081823349, 0.004980461671948433, 0.026819460093975067, -0.008322568610310555, 0.016342246904969215, -0.016617601737380028, -0.010015994310379028, 0.039706017822027206, -0.028333906084299088, -0.002476463094353676, 0.018586380407214165, -0.007055941037833691, -0.028444046154618263, -0.027714358642697334, 0.001266627456061542, 0.02374926395714283, 0.004089003894478083, -0.02792087383568287, -0.01165434904396534, 0.03871474415063858, 0.019288532435894012, 0.02797594480216503, -0.023267395794391632, -0.0008135844254866242, 0.0009017836418934166, -0.027177419513463974, 0.010477211326360703, -0.00523516396060586, -0.010236277244985104, -0.01594298519194126, 0.009823246859014034, -0.0236804261803627, 0.011076106689870358, 0.036016274243593216, 0.014208255335688591, 0.00882508885115385, 0.03144540265202522, -0.039485733956098557, 0.01888927072286606, -0.004161284305155277, 0.0009947156067937613, 0.009506589733064175, 0.01242533978074789, -0.008060982450842857, 0.0029772629495710135, 0.004505476448684931, 0.0087149478495121, -0.02289566770195961, -0.02443764917552471, 0.02074790745973587, -0.006928589660674334, -0.015874145552515984, 0.003961652517318726, 0.003046101424843073, 0.015736469998955727, 0.011434066109359264, -0.006002712529152632, 0.010669959709048271, -0.0061438316479325294, 0.019467514008283615, 0.00432649627327919, -0.016810348257422447, 0.004133748821914196, 0.0019911520648747683, -0.02943531982600689, 0.0007322689634747803, -0.028031015768647194, 0.01290032546967268, 0.01418071985244751, 0.0158879142254591, 0.012549249455332756, -0.041137855499982834, 0.009086675010621548, 0.03651191294193268, -0.0288295429199934, 0.001337186899036169, 0.016245873644948006, -0.0014077462255954742, -0.03549310192465782, 0.009306957945227623, -0.016906723380088806, 0.008838856592774391, 0.0236804261803627, 0.0004067922127433121, -0.012652507051825523, -0.014869105070829391, -0.0036897407844662666, 0.014235790818929672, -0.007234920747578144, 0.029132431373000145, 0.00048359009088017046, 0.01581907458603382, 0.006532768718898296, 0.009079791605472565, -0.025305014103651047, -0.02194569632411003, -0.03370330482721329, 0.01796683482825756, -0.01793929934501648, 0.029297644272446632, 0.014745195396244526, 0.03874227777123451, -0.013127491809427738, 0.008012794889509678, -0.017099469900131226, -0.027659287676215172, 0.005365957040339708, -0.001858638133853674, 0.008597922511398792, 0.004980461671948433, -0.03733797371387482, -0.007111011538654566, -0.007592880632728338, -0.02463039755821228, 0.02150513045489788, -0.008976534008979797, -0.03290477767586708, -0.0107387974858284, 0.012542365118861198, 0.0015824238071218133, 0.0011022756807506084, 0.0017390312859788537, -0.027494076639413834, -0.03262942284345627, -0.017953068017959595, -0.007730557583272457, 0.029490390792489052, -0.017471197992563248, 0.014690124429762363, 0.0005610333755612373, -0.008673644624650478, 0.0053556314669549465, 0.013099956326186657, -0.02321232482790947, -0.01989431120455265, -0.008914578706026077, 0.01089712604880333, 0.0015393998473882675, 0.005982060916721821, -0.012122450396418571, 0.03695248067378998, 0.0010256929090246558, -0.0019412442343309522, 0.010986615903675556, 0.006044015754014254, 0.006938915699720383, 0.02358405292034149, 0.002763863652944565, -0.024024618789553642, 0.008487780578434467, -0.011048571206629276, 0.013946669176220894, 0.021766716614365578, -0.02184932306408882, 0.016121964901685715, -0.005803081206977367, 0.014263326302170753, 0.020486321300268173, 0.0007804558845236897, -0.01566763035953045, 0.020679069682955742, 0.01299669872969389, -0.0016555646434426308, -0.0003491399984341115, 0.02094065584242344, 0.0357409231364727, -0.007585996761918068, 0.046562325209379196, 0.0017347289249300957, 0.014993013814091682, 0.004533011931926012, 0.035382963716983795, -0.01774655096232891, 0.04796662926673889, 0.019288532435894012, -0.005582798272371292, -0.030701948329806328, -0.02343260683119297, -0.028416510671377182, 0.0026020933873951435, 0.043781254440546036, -0.013430381193757057, 0.03483225405216217, -0.0037861147429794073, 0.0037895566783845425, -0.0174298956990242, 0.003176894271746278, 0.02902228944003582, 0.0037998822517693043, 0.019439978525042534, 0.008997185155749321, 0.010587353259325027, 0.02018343284726143, 0.014910408295691013, -0.023074647411704063, -0.01670020818710327, 0.0060853189788758755, 0.019495047628879547, 0.014442306011915207, 0.021216008812189102, 0.033620696514844894, 0.014717659913003445, -0.00812982115894556, 0.03722783178091049, -0.02330869808793068, -0.0008923183777369559, 0.031528010964393616, 0.01000910997390747, -0.02589702419936657, 0.01901317946612835, 0.022881900891661644, 0.023074647411704063, 0.010463444516062737, 0.008535967208445072, 0.008260613307356834, 0.012494178488850594, 0.011716303415596485, -0.033207666128873825, -0.012969163246452808, 0.007172966375946999, -0.016782812774181366, 0.005317769944667816, 0.023763032630085945, 0.019205927848815918, 0.013395962305366993, 0.030399058014154434, -0.012817719019949436, 0.03695248067378998, 0.007820047438144684, -0.005847826134413481, -0.006295275874435902, -0.005049300380051136, -0.0014602355659008026, 0.013148143887519836, -0.028554188087582588, -0.012817719019949436, -0.020100826397538185, 0.01623210683465004, -0.03422647714614868, 0.020389948040246964, 0.005748010240495205, -0.00764106772840023, 0.00645016273483634, 0.01418071985244751, 0.02340507321059704, -0.02836143970489502, -0.01241157203912735, 0.038191571831703186, 0.0113996472209692, 0.0022303657606244087, 0.003731043776497245, -0.004422870464622974, 0.001149602117948234, -0.01241157203912735, 0.025786882266402245, -0.01493794284760952, -0.019398674368858337, -0.001862080069258809, 0.00794395711272955, 0.0080540981143713, 0.002445485908538103, 0.019839240238070488, 0.00762729998677969, -0.01645238883793354, -0.007413900922983885, -0.009547892957925797, -0.004515802022069693, -0.03984369337558746, -2.701102312130388e-05, 0.0021030146162956953, 0.008350104093551636, -0.01818711869418621, -0.02043125219643116, -0.00020931191102135926, -0.016617601737380028, -0.0037069504614919424, 0.004560546949505806, -0.0033937355037778616, -0.006921705789864063, -0.0008992022485472262, -0.0018018464324995875, -0.007758093066513538, 0.0035520638339221478, 0.03786114603281021, 0.0015652142465114594, -0.005730800796300173, -0.032767102122306824, -0.00823996216058731, -0.00039990837103687227, 0.009912736713886261, 0.03565831482410431, 0.003916907589882612, 0.005056183785200119, 0.005001113284379244, -0.0017020306549966335, -0.009781943634152412, -0.04229434207081795, 0.019123321399092674, -0.018269723281264305, -0.012390920892357826, 0.0283889751881361, 0.042900118976831436, 0.009706221520900726, 0.007730557583272457, 0.021050797775387764, 0.01689295470714569, 0.0036862988490611315, 0.012638739310204983, -0.015640094876289368, -0.027865802869200706, -0.014800266362726688, -0.008818205446004868, 0.01926099695265293, 0.008432709611952305, -0.008405174128711224, 0.022468868643045425, 0.021422525867819786, 0.019508816301822662, 0.0028327021282166243, -0.027466541156172752, -0.009210584685206413, 0.003634670050814748, 0.02233119308948517, -0.007661719340831041, 0.01818711869418621, -0.020100826397538185, 0.019742866978049278, 0.009754408150911331, -0.0030977302230894566, 0.015998056158423424, 0.004767062608152628, -0.0062402053736150265, -0.03094976581633091, 0.01818711869418621, -0.01882043108344078, -0.01005729753524065, 0.03717276081442833, -0.011805794201791286, -0.007345062214881182, 0.03287724405527115, -0.02211090922355652, -0.03284970670938492, -0.00855661928653717, -0.011310157366096973, -0.003412666032090783, -0.007950840517878532, -0.005982060916721821, -0.013141259551048279, -0.0011857423232868314, -0.028664330020546913, -0.03370330482721329, 0.035988740622997284, -0.008267497643828392, -0.01091089379042387, -0.02567674033343792, -0.008178007788956165, 0.005462330766022205, -0.011310157366096973, 0.005307444371283054, -0.004608734045177698, -0.014469841495156288, -0.066195048391819, 0.016080660745501518, 0.008350104093551636, 0.012604319490492344, -0.0002699757751543075, 0.00044142655679024756, -0.0010816240683197975, 0.03284970670938492, 0.006233321502804756, -0.0006440697470679879, 0.030812088400125504, -0.03502500057220459, 0.02443764917552471, 0.008735598996281624, 0.006766819395124912, -0.020073290914297104, -0.017663946375250816, 0.011860864236950874, -0.01667267270386219, -0.03981615975499153, -0.012088031508028507, -0.004206029232591391, 0.009093559347093105, 0.017071934416890144, 0.0032646635081619024, 0.0029652160592377186, 0.0021684111561626196, -0.010979732498526573, -0.007166082505136728, -0.03634670004248619, -0.020472554489970207, -0.02223481796681881, -0.013512987643480301, 0.003140754299238324, -0.006556862033903599, -0.015970520675182343, 0.001109159435145557, -0.00020812873844988644, 0.012335849925875664, -0.012700693681836128, 0.0006974195130169392, 0.0032147555612027645, -0.017884228378534317, 0.010504746809601784, -0.004316170699894428, 0.010194974020123482, -0.012432224117219448, -0.007269340101629496, -0.002653722185641527, -0.032794635742902756, 0.04127553477883339, 0.019316067919135094, -0.014222023077309132, 0.01860014908015728, 0.017361056059598923, -0.016080660745501518, 0.0036862988490611315, -0.00464315339922905, 0.015213296748697758, 0.020789211615920067, -0.008480897173285484, -0.0185726135969162, -0.03337287902832031, 0.001225324347615242, -0.00494948448613286, 0.007441436406224966, -0.006074992939829826, -0.005593123845756054, -0.016879187896847725, 0.0037620211951434612, -0.006711748894304037, -0.005933874286711216, 0.02260654605925083, -0.02396954782307148, -0.006945799570530653, 0.010422141291201115, 0.014249558560550213, 0.03251928463578224, 0.006405417807400227, -0.01733352057635784, -0.02965560369193554, 0.004240448586642742, 0.012225707992911339, -0.0044607315212488174, 0.0037276020739227533, -0.017195845022797585, 0.01818711869418621, 0.029572997242212296, 0.025222407653927803, 0.009169281460344791, -0.006959567312151194, -0.018076976761221886, -0.01526836771517992, 0.0018431494245305657, -0.03543803468346596, 0.013960436917841434, -0.010194974020123482, 0.012666274793446064, 0.014373468235135078, 0.020321110263466835, 0.014882872812449932, -0.013994856737554073, -0.015227064490318298, 0.011392762884497643, -0.011585510335862637, -0.024079689756035805, -0.008301916532218456, -0.04455224424600601, 0.0048599946312606335, -0.006102528423070908, -0.024052154272794724, -0.011447833850979805, -0.020100826397538185, 0.008019679225981236, 0.03205117955803871, 0.007317527197301388, 0.01515822671353817, 0.023831870406866074, 0.015874145552515984, -0.002280273474752903, 0.04513048753142357, 0.003693182719871402, -0.0018982201581820846, 0.015447347424924374, -0.015640094876289368, -0.045020345598459244, -0.0037895566783845425, 0.01000910997390747, -0.00688384473323822, 0.004391892813146114, -0.006691097281873226, -0.003989188000559807, -0.017512500286102295, 0.03673219680786133, 0.006360672414302826, -0.03092223033308983, 0.01282460242509842, -0.01364378072321415, 0.0006552559789270163, -0.04358850419521332, 0.011255086399614811, -0.005899454932659864, -0.006505233235657215, 0.025952095165848732, 0.011234434321522713, 0.005648194812238216, 0.009733757004141808, -0.013457916676998138, 0.0043058451265096664, -0.0051491158083081245, 0.039210379123687744, 0.015171993523836136, 0.022372495383024216, 0.02731509692966938, 0.003583041252568364, -0.017237147316336632, -0.006050899624824524, 0.011564859189093113, -0.005493307951837778, 0.020610231906175613, 0.035988740622997284, -0.015006781555712223, -0.0017054725904017687, 0.012927860952913761, 0.0033317808993160725, -0.012817719019949436, -0.029517926275730133, 0.02719118632376194, 0.009933387860655785, 0.032106250524520874, -0.012012309394776821, -0.005283351056277752, -0.0021116193383932114, 0.01514445897191763, 0.01345103234052658, 0.008535967208445072, -0.017264682799577713, 0.014676356688141823, -0.006037131883203983, 0.036429308354854584, -0.025208638980984688, 0.013017350807785988, 0.007496506907045841, -0.0221384447067976, -0.010394605807960033, -0.007882002741098404, 0.0167690459638834, 0.010731914080679417, -0.0005421027890406549, 0.03596120700240135, -0.014166953042149544, 0.0025160452350974083, 0.0068528675474226475, 0.019274765625596046, -0.018145814538002014, -0.005875361617654562, 0.02653033845126629, 0.01891680620610714, 0.010573585517704487, 0.0029480066150426865, 0.0033403856214135885, -0.00779251242056489, 0.0033696419559419155, -0.009609847329556942, -0.002796561922878027, 0.0038274177350103855, -0.051491159945726395, -0.01452491246163845, 0.01452491246163845, 0.01603935845196247, 0.001091949874535203, 0.0012347896117717028, 0.0078131640329957, -0.031280189752578735, -0.010429024696350098, 0.008673644624650478, 0.01926099695265293, 0.051270876079797745, -0.018517542630434036, -0.018269723281264305, 0.004443521611392498, 0.020155897364020348, 0.016163267195224762, 0.004619060084223747, 0.019784169271588326, 0.007372597698122263, -0.011599278077483177, 0.0003289187152404338, -0.010931545868515968, -0.024644164368510246, -0.007703022100031376, 0.01138587947934866, -0.011874631978571415, -0.01862768456339836, 0.03400619328022003, 0.0044985925778746605, -0.028857076540589333, -0.02308841608464718, 0.008893927559256554, 0.009685569442808628, -0.008831973187625408, -0.0029858676716685295, 0.0297106746584177, 0.035988740622997284, 0.003796440316364169, -0.0219181627035141, -0.03954080492258072, 0.007448320277035236, -0.02409345656633377, 0.02172541432082653, -0.005734242498874664, -0.0036071345675736666, 0.019467514008283615, -0.00797149259597063, -0.006839099805802107, -0.003954768646508455, -0.025126034393906593, -0.01440100371837616, -0.003030612599104643, 0.01452491246163845, -0.03075701929628849, -0.018242187798023224, 0.005892571061849594, -0.006708306726068258, -0.013244517147541046, 0.006470813881605864, -0.012273895554244518, -0.002450648695230484, 0.0078062801621854305, 0.022813061252236366, -0.0026640479918569326, 0.013843411579728127, -0.012686925940215588, -0.016300944611430168, -0.019784169271588326, -0.0062402053736150265, -0.02182178758084774, -0.016025589779019356, -0.019288532435894012, 0.046755075454711914, 0.006636026315391064, -0.005217954516410828, 0.01305865403264761, -0.029600532725453377, -0.05173897743225098, 0.012666274793446064, -0.030812088400125504, 0.022950738668441772, 0.018958108499646187, -0.011750723235309124, 0.001245975960046053, 0.011888399720191956, -0.0031235446222126484, 0.017540035769343376, -0.026227448135614395, 0.00896964967250824, -0.006078435108065605, -0.0029944723937660456, -9.014878742164001e-06, -0.030894694849848747, -0.048489801585674286, 0.009664918296039104, -0.00171751924790442, 0.0025160452350974083, -0.009217468090355396, 0.03114251419901848, -0.03028891794383526, -0.017374824732542038, 0.008487780578434467, -0.006267740856856108, -0.002521208254620433, -0.025153568014502525, 0.01771901734173298, -0.026888297870755196, 0.003576157381758094, 0.01091089379042387, 0.007283107843250036, -0.03956833854317665, -0.010256928391754627, 0.006632584612816572, -0.006512117106467485, 0.0015153062995523214, -0.0046156179159879684, -0.01771901734173298, 0.006226437631994486, -0.038164034485816956, 0.0016134011093527079, 0.020100826397538185, -0.008418941870331764, 0.029765745624899864, 0.006205786019563675, -0.013691967353224754, -0.011007267981767654, 0.006147273350507021, -0.021491363644599915, 0.008350104093551636, 0.016287175938487053, -0.03392358869314194, -0.018682755529880524, -0.0011874631745740771, -0.0032646635081619024, -0.02555283159017563, -0.004890971817076206, -0.0006733260815963149, -0.003634670050814748, -0.06432264298200607, 0.011516672559082508, 0.01932983659207821, -0.0037276020739227533, 0.008157355710864067, -0.011805794201791286, 0.02558036707341671, 0.010807636193931103, -0.025181103497743607, -0.007482739165425301, -0.036677125841379166, 0.00035043072421103716, -0.002875726204365492, 0.0035124816931784153, 0.0008897369261831045, -0.0017536594532430172, -0.005885687191039324, 0.006701422855257988, 0.01809074357151985, 0.19891558587551117, 0.003347269492223859, -0.03097730129957199, 0.029297644272446632, 0.006976776756346226, 0.023666657507419586, 0.04020165279507637, 0.014896640554070473, -0.004202587064355612, 0.02096819132566452, -0.02428620494902134, -0.015185761265456676, -0.015116923488676548, -0.0010996941709890962, 0.014703892171382904, -0.012673158198595047, -0.012893441133201122, -0.02491951733827591, -0.012907208874821663, 0.007689254824072123, 0.011200015433132648, -0.01591544970870018, 0.0015488651115447283, -0.0021976674906909466, 0.0429551899433136, 0.011502904817461967, 0.0036277861800044775, 0.0016538436757400632, 0.043285615742206573, 0.012287663295865059, -0.037475649267435074, -0.008074750192463398, 0.047388385981321335, 0.0018758476944640279, -0.0137539217248559, 0.00524204783141613, -0.004164726007729769, 0.008150472305715084, 7.577607175335288e-05, 0.017264682799577713, 0.006656677927821875, -0.0019240346737205982, 0.008198658935725689, -0.03433661907911301, 0.004870320204645395, 0.027356399223208427, 0.0008712366106919944, -0.020899353548884392, 0.010284463874995708, -0.006536210421472788, -0.023267395794391632, -0.013306472450494766, 0.0026072561740875244, 0.010318883694708347, 0.009183049201965332, -0.011427182704210281, -0.012074263766407967, 0.006615374702960253, -0.01598428748548031, 0.013099956326186657, -0.015323438681662083, 0.014593751169741154, -0.015034317038953304, 0.014277094043791294, -0.00688384473323822, 0.021642807871103287, -0.00036118674324825406, -0.005823732819408178, 0.013134376145899296, -0.009052256122231483, 0.009134861640632153, 0.003538296325132251, -0.00031343006412498653, -0.004240448586642742, -0.0212573129683733, -0.021394990384578705, 0.01910955272614956, 0.0013982809614390135, 0.03951326757669449, 0.029628068208694458, 0.005754894111305475, 0.009203700348734856, -0.00720050185918808, -0.0007494785822927952, -0.007248688489198685, -0.03295984864234924, 0.00974064040929079, -0.020830513909459114, 0.010718146339058876, -0.013898482546210289, -0.010463444516062737, 0.0014275372959673405, -0.0047808303497731686, -0.007186734117567539, 0.000664721243083477, 0.03312506154179573, 0.017787855118513107, 0.022124677896499634, -0.01632848009467125, -0.009664918296039104, -0.02501589246094227, 0.05352877825498581, -0.0017743109492585063, -0.004250774160027504, -0.025470225140452385, 0.01825595647096634, 0.024203598499298096, 0.01566763035953045, -0.019853008911013603, -0.026296287775039673, 0.013471684418618679, -0.029380248859524727, 0.009355145506560802, -0.020045755431056023, 0.005562146659940481, -0.010518514551222324, 0.014690124429762363, -0.01080075278878212, -0.016383551061153412, -0.011957238428294659, 0.0406697541475296, -0.033207666128873825, -0.02087181806564331, 0.02384563907980919, -0.01977040246129036, -0.024657931178808212, 0.01698932982981205, 0.010387721471488476, -0.019178392365574837, -0.013602477498352528, 0.009238120168447495, -0.004908181261271238, 0.012370268814265728, -0.012287663295865059, -0.00810228567570448, 0.005593123845756054, 0.015860378742218018, 0.016149500384926796, -0.006312485784292221, -0.008150472305715084, -0.0016572856111451983, 0.010091716423630714, 0.014077462255954742, -0.002300925087183714, -0.0031390332151204348, -0.0137539217248559, 0.021216008812189102, -0.02077544294297695, -0.027370166033506393, -0.008391406387090683, -0.02513980120420456, 0.02182178758084774, 0.020637767389416695, 0.004216354805976152, 0.022661617025732994, -0.010456560179591179, -0.027865802869200706, -0.021271079778671265, 0.021573970094323158, 0.016603833064436913, -0.030619341880083084, -0.01214310247451067, 0.023102182894945145, 0.018847966566681862, -0.00914174597710371, 0.008233078755438328, -0.1762264221906662, 0.009038488380610943, -0.0016263083089143038, -0.03543803468346596, 0.022496404126286507, -0.012597436085343361, 0.020954422652721405, 0.007937072776257992, -0.0035073189064860344, -0.01407057885080576, -0.01696179434657097, -0.0016762162558734417, -0.031225120648741722, -0.019495047628879547, -0.008625457994639874, -0.019150856882333755, -0.02409345656633377, 0.02555283159017563, 0.05157376453280449, 0.01000910997390747, 0.03629162907600403, -0.032574351876974106, 0.031913504004478455, -0.012163753621280193, 0.003775788936764002, -0.0029514485504478216, -0.02968313917517662, -0.01208114717155695, -0.009802594780921936, -0.029104895889759064, -0.02450648695230484, -0.00746897142380476, -0.010360185988247395, -0.002151201479136944, 0.01882043108344078, 0.009589196182787418, 0.0018104511545971036, 0.012480410747230053, -0.009947155602276325, 0.024768073111772537, 0.005930432118475437, 0.010828288272023201, 0.02065153419971466, 0.029930956661701202, -0.01916462369263172, 0.03370330482721329, 0.015406044200062752, 0.0002938541292678565, -0.00674272608011961, -0.006759935524314642, -0.003665647469460964, -0.01182644534856081, 0.004904739558696747, -0.0037654631305485964, -0.013636896386742592, -0.01150978822261095, -0.01904071494936943, 0.005403818096965551, 0.018806664273142815, -0.007152314763516188, 0.006570629775524139, -0.01148225273936987, 0.019123321399092674, -0.007868234999477863, -0.01451114472001791, 0.004804923664778471, -0.0045364536345005035, -0.017292218282818794, -0.026984671130776405, 0.026378892362117767, -0.0055346111766994, -0.01840740069746971, -0.0018810105975717306, -0.02052762545645237, 0.01581907458603382, 0.0061816927045583725, -0.03249174728989601, -0.004495150875300169, -0.0024024618323892355, 0.012163753621280193, -0.0008131541544571519, 0.0140843465924263, 0.0005253233830444515, 0.0010738797718659043, -0.03480472043156624, 0.013884714804589748, 0.012328965589404106, 0.02621368132531643, 0.009183049201965332, 0.012184405699372292, 0.010766332969069481, -0.03466704115271568, -0.007172966375946999, -0.01440100371837616, 0.0037413695827126503, -0.0032199183478951454, 0.002688141306862235, -0.01967402920126915, -0.02175294980406761, -0.030399058014154434, -0.006112853996455669, 0.005307444371283054, 0.002703630132600665, 0.03648437559604645, 0.043120402842760086, 0.020789211615920067, -0.023763032630085945, 0.01901317946612835, 0.013705735094845295, -0.0062987180426716805, 0.0012881394941359758, 0.0290498249232769, 0.01558502484112978, 0.02204207144677639, -0.01657629758119583, 0.01154420804232359, -0.010442792437970638, -0.007111011538654566, -0.005496750120073557, 0.02390071004629135, 0.04422181844711304, -0.007159198634326458, -0.005479540675878525, 0.021835556253790855, -0.01165434904396534, -0.015901681035757065, -0.08007287979125977, -0.004354031756520271, 0.019439978525042534, 0.01315502729266882, 0.010986615903675556, -0.00599927082657814, 0.0006518140435218811, 0.025181103497743607, 0.007400133181363344, 0.026943368837237358, -0.04047700762748718, -0.03417140617966652, -0.008790669962763786, -0.020981958135962486, 0.01182644534856081, -0.02343260683119297, 0.02343260683119297, -0.005193860735744238, 0.0003562389756552875, 0.02592455968260765, -0.017677713185548782, -0.00720738572999835, -0.008935230784118176, 0.0005451144534163177, -0.06718632578849792, -0.005596566013991833, -0.031693220138549805, 0.00032827333780005574, 0.009892084635794163, 0.014993013814091682, 0.0006212670123204589, 0.0018242188962176442, 0.004161284305155277, 0.010835171677172184, -0.006508675403892994, -0.006477697752416134, -0.01591544970870018, 0.006918264087289572, 0.03174829110503197, -0.0030684738885611296, 0.0009473891695961356, 0.0012442549923434854, -0.013444148935377598, -0.019729098305106163, 0.024575326591730118, -0.014139417558908463, -0.0027776313945651054, 0.005703265313059092, -0.020899353548884392, -0.03094976581633091, -0.005658520385622978, 0.004433196038007736, -0.018242187798023224, -0.04733331501483917, 0.019935615360736847, -0.014538680203258991, -0.0001743548782542348, -0.0040408167988061905, -0.01683788374066353, -0.008535967208445072, -0.005648194812238216, 0.0017261240864172578, -0.003834301605820656, 0.029600532725453377, 0.014635054394602776, 0.01349921990185976, -0.021766716614365578, -0.025002123787999153, 0.023226091638207436, 0.009692453779280186, -0.012521713972091675, -0.008356987498700619, -0.020045755431056023, 0.011613045819103718, -0.0367046594619751, 0.010174322873353958, -0.013967321254312992, -0.021808020770549774, 0.005011438857764006, 0.023804334923624992, -0.016686439514160156, -0.010511631146073341, -0.011661233380436897, -0.023253627121448517, 0.001791520626284182, -0.005197302903980017, 0.011516672559082508, -0.004089003894478083, 0.008818205446004868, -0.035162679851055145, 0.03560324385762215, 0.012012309394776821, -0.016562530770897865, 0.028939682990312576, -0.014235790818929672, 0.008845740929245949, -0.014552447944879532, 0.023226091638207436, 0.014166953042149544, 0.02946285530924797, -0.021050797775387764, -0.015640094876289368, -0.07258325815200806, 0.007703022100031376, 0.017512500286102295, -0.00821242667734623, -0.012514829635620117, -0.006808122619986534, -0.0010807636426761746, -0.007551577873528004, -0.006305601913481951, 0.005341863725334406, -0.006646352354437113, 0.023226091638207436, 0.00406491057947278, -0.006629142444580793, -0.024327507242560387, 0.0036484377924352884, 0.028967218473553658, -0.004601850174367428, 0.026943368837237358, -0.02308841608464718, -0.00019694249203894287, 0.006401975639164448, -0.009747523814439774, 0.02858172357082367, 0.0009981575421988964, 0.016824116930365562, -0.012287663295865059, 0.006061225198209286, 0.008818205446004868, -0.016300944611430168, 0.001320837764069438, -0.03050919994711876, -0.01674151048064232, 0.017388591542840004, -0.01740236021578312, -0.02858172357082367, -0.008790669962763786, 0.024120992049574852, 0.01711323857307434, 0.023198556154966354, -0.032574351876974106, -0.023928243666887283, 0.011378995142877102, -0.035823527723550797, -0.01837986521422863, 0.0037482534535229206, 0.0022320866119116545, 0.004760178737342358, 0.011688768863677979, 0.0005842663231305778, -0.003324897028505802, 0.0031441960018128157, -0.02330869808793068, -0.0061438316479325294, -0.011213783174753189, -0.027865802869200706, -0.001762264291755855, -0.0033386647701263428, 0.030839623883366585, -0.03764086216688156, 0.039237916469573975, 0.014703892171382904, 0.0008880159584805369, 0.0012907208874821663, 0.015075620263814926, -0.009692453779280186, 0.002579720923677087, -0.014800266362726688, -0.015543721616268158, -0.038191571831703186, -0.002658884972333908, 0.001104857074096799, 0.020458785817027092, -0.0023456700146198273, 0.017760319635272026, 0.03552063927054405, -0.03092223033308983, -0.01862768456339836, 0.006216112058609724, 0.028416510671377182, 0.014869105070829391, 0.019439978525042534, 2.2802736566518433e-05, 0.0158879142254591, 0.017760319635272026, 0.04146828129887581, 0.002645117463544011, 0.011255086399614811, -0.018132047727704048, -0.0144147714599967, -0.03761332854628563, 4.2029099859064445e-05, -0.013258284889161587, -0.012328965589404106, 0.0017571013886481524, 0.0014559332048520446, 0.008632341399788857, 0.014703892171382904, -0.0015729585429653525, 0.008721831254661083, 0.004825575277209282, 0.0036243442445993423, -0.016149500384926796, -0.017856692895293236, -0.03147293999791145, 0.010952197015285492, -0.02216598019003868, -0.04595654830336571, -0.010270696133375168, 0.009960923343896866, -0.01081452053040266, 0.00022329471539705992, 0.03229900076985359, 0.024079689756035805, -0.010022877715528011, 0.019605189561843872, -0.02018343284726143, -0.041633494198322296, -0.03805389255285263, 0.013141259551048279, 0.01840740069746971, 0.021023262292146683, 0.00866676028817892, 0.0070456149987876415, 0.024079689756035805, 0.013334007002413273, 0.027466541156172752, -0.0037998822517693043, 0.004708549939095974, -0.003975420258939266, -0.0003054706030525267, -0.0013320239959284663, -0.037723470479249954, -0.026736853644251823, -0.019839240238070488, -0.01718207634985447, -0.0014215139672160149, -0.0019119878998026252, 0.01451114472001791, 0.1407608538866043, 0.024685466662049294, -0.018517542630434036, 0.0010661354754120111, 0.01272822916507721, 0.005754894111305475, 0.002061711624264717, -0.015543721616268158, -0.011964121833443642, 0.005238605663180351, 0.013423497788608074, -0.005751452408730984, 0.0018018464324995875, -0.010649307630956173, -0.011420298367738724, 0.0083845229819417, -0.0030099612195044756, -0.0015411206986755133, -0.03262942284345627, 0.0005765220266766846, 0.03455689921975136, -0.007585996761918068, 0.0038308596704155207, -0.022496404126286507, -0.02343260683119297, 0.01598428748548031, 0.012342733331024647, 0.0023697635624557734, -0.02633759006857872, -0.028719400987029076, -0.018903037533164024, 0.007496506907045841, -0.01515822671353817, -0.01349921990185976, -0.0015101433964446187, -0.02624121680855751, -0.021573970094323158, -0.0174298956990242, 0.0039823041297495365, 0.00795772485435009, 0.001634052605368197, 0.02836143970489502, -0.02109210006892681, -0.023694192990660667, -0.0034694578498601913, 0.017071934416890144, 0.005142231937497854, -0.025098498910665512, -0.000992134097032249]"
